season,team,total_cap_number,total_cash_paid,total_base_salary,total_guaranteed_salary,player_contract_count,cap_cost_rank,cash_paid_rank
2021,IND,181.611662,216.182997,111.346935,81.582995,80,1.0,8.0
2021,DAL,180.302823,248.229932,115.00376,55.599741,82,2.0,2.0
2021,LAC,178.023289,175.705385,129.380739,80.985905,77,3.0,28.0
2021,BUF,177.980098,222.153617,98.476251,64.558197,73,4.0,4.0
2021,ARI,176.21109,194.146095,123.009006,54.615368,80,5.0,18.0
2021,CLE,174.623273,218.01238800000002,115.813914,55.37679,82,6.0,6.0
2021,WAS,172.625133,216.711008,121.95388200000001,62.406344000000004,89,7.0,7.0
2021,SF,172.329978,222.125627,103.150199,38.42881,83,8.0,5.0
2021,NYJ,171.97839,191.05064099999998,121.996937,86.274993,89,9.0,20.0
2021,GB,171.364022,186.261063,73.088516,16.808532,79,10.0,22.0
2021,MIA,170.29194,178.603947,111.784229,61.714141999999995,81,11.0,25.0
2021,TB,170.240584,255.632002,120.738451,60.042344,78,12.0,1.0
2021,CIN,170.163136,191.904588,101.622368,25.067602,83,13.0,19.0
2021,KC,168.72458699999999,198.271998,107.400715,77.56262,79,14.0,14.0
2021,NE,168.292836,226.713309,100.153988,38.109986,81,15.0,3.0
2021,NYG,165.270893,200.429843,89.936188,50.94256,89,16.0,13.0
2021,MIN,164.448342,196.54167,102.487673,54.259353,82,17.0,16.0
2021,BAL,163.832188,208.864612,83.762471,35.835516,91,18.0,10.0
2021,CHI,163.434586,195.129412,111.724512,60.716149,79,19.0,17.0
2021,SEA,159.669687,196.932822,101.456661,42.74874,79,20.0,15.0
2021,JAX,156.675056,202.835835,108.39917,41.070767,83,21.0,11.0
2021,ATL,154.783802,151.93243,87.913647,28.772421,78,22.0,31.0
2021,LV,153.942936,182.802426,111.612028,58.723912,78,23.0,23.0
2021,DEN,151.11016899999998,177.101809,108.47245,53.182413000000004,84,24.0,26.0
2021,TEN,150.87417399999998,190.26222,114.662135,39.81224,84,25.0,21.0
2021,PIT,148.377109,176.252586,72.496556,11.41025,79,26.0,27.0
2021,HOU,141.537636,149.916796,98.386586,32.670162,80,27.0,32.0
2021,NO,137.813988,200.776683,74.236303,33.545204,82,28.0,12.0
2021,LA,137.729328,182.420152,86.662088,35.463392,84,29.0,24.0
2021,DET,129.541157,170.209392,91.311231,46.685698,89,30.0,29.0
2021,CAR,129.370517,164.050891,75.774239,26.581442,82,31.0,30.0
2021,PHI,127.719994,209.835822,59.192005,18.851219,81,32.0,9.0
2022,LAC,201.2051,254.11740600000002,144.730314,89.102555,83,1.0,6.0
2022,JAX,199.003501,248.002709,113.45936499999999,62.049342,76,2.0,10.0
2022,CIN,195.608113,187.293956,122.740342,38.43939,77,3.0,28.0
2022,NYJ,194.176709,251.93740400000002,120.044352,71.847926,79,4.0,7.0
2022,MIA,191.007461,250.400081,112.811523,75.986209,83,5.0,8.0
2022,NE,190.963265,200.549974,113.816407,55.114041,80,6.0,25.0
2022,IND,190.49929,211.888058,131.580856,99.81207500000001,80,7.0,22.0
2022,KC,189.757091,212.436914,88.902378,94.40235899999999,75,8.0,21.0
2022,WAS,186.457339,199.030366,122.663734,70.451878,82,9.0,26.0
2022,SF,184.516213,213.973591,106.404156,51.623159,78,10.0,19.0
2022,TEN,184.169996,226.678887,140.447418,71.839558,87,11.0,12.0
2022,GB,182.90210299999998,268.002999,71.053558,14.058527999999999,75,12.0,2.0
2022,DAL,182.588607,188.07604,117.014414,48.035237,85,13.0,27.0
2022,MIN,181.539554,207.736933,100.191256,55.295002000000004,79,14.0,23.0
2022,ARI,181.055147,213.976985,127.081766,60.179421,84,15.0,18.0
2022,BUF,180.911966,267.00885999999997,96.535358,59.748965,78,16.0,3.0
2022,DET,180.296816,219.88691599999999,103.002324,58.620181,82,17.0,16.0
2022,TB,178.117264,248.512141,108.741592,61.244777,76,18.0,9.0
2022,BAL,177.526926,213.686495,115.094152,57.87987,82,19.0,20.0
2022,DEN,175.909273,225.81608500000002,125.812347,73.54172799999999,89,20.0,13.0
2022,PIT,173.991044,222.168535,109.573324,34.675498000000005,78,21.0,14.0
2022,LA,173.921584,272.258136,108.300606,46.528021,84,22.0,1.0
2022,NO,162.225477,265.520668,76.738278,24.617855,82,23.0,4.0
2022,SEA,158.740071,229.575969,95.659677,28.38174,88,24.0,11.0
2022,PHI,153.984871,219.318789,78.824486,23.497041,78,25.0,17.0
2022,CLE,151.322572,257.797731,85.722515,44.518822,81,26.0,5.0
2022,NYG,150.469918,173.970546,85.035411,71.082171,82,27.0,30.0
2022,CAR,149.79213,207.468494,85.650016,61.028971,74,28.0,24.0
2022,LV,149.581882,219.914061,115.919315,67.892066,81,29.0,15.0
2022,HOU,134.140789,182.838649,73.37994499999999,30.814621,79,30.0,29.0
2022,ATL,118.839327,145.826819,74.851686,22.862687,84,31.0,31.0
2022,CHI,112.256869,115.642718,93.258894,36.517181,81,32.0,32.0
2023,BUF,216.55888,273.565868,107.076641,58.183694,79,1.0,3.0
2023,CIN,211.511617,257.742476,125.777729,34.949702,74,2.0,7.0
2023,JAX,209.03565,237.259888,119.921032,54.000477,77,3.0,14.0
2023,KC,206.09854099999998,232.817532,121.142281,64.118866,78,4.0,16.0
2023,BAL,206.005299,286.472244,119.570484,47.543624,84,5.0,2.0
2023,PIT,205.266216,225.514286,128.537434,40.4075,79,6.0,18.0
2023,DAL,202.894935,258.441688,105.564011,54.537187,78,7.0,5.0
2023,MIA,202.341962,253.192457,120.35917500000001,74.150586,81,8.0,10.0
2023,DEN,199.222631,225.292992,136.555275,62.688641000000004,79,9.0,19.0
2023,ATL,197.951646,245.910299,111.18164399999999,81.105314,82,10.0,13.0
2023,CLE,197.049392,286.609336,109.762781,35.271538,85,11.0,1.0
2023,NYJ,194.139093,260.768766,125.307848,51.429047,82,12.0,4.0
2023,DET,192.523396,201.576993,126.424685,51.455781,81,13.0,26.0
2023,SEA,192.075633,253.541063,88.397732,41.079451999999996,80,14.0,9.0
2023,NE,191.781248,189.840293,114.048438,40.64666,81,15.0,30.0
2023,LAC,191.339371,222.983603,100.336247,22.092282,79,16.0,20.0
2023,CHI,190.995722,228.276104,127.860094,73.714876,71,17.0,17.0
2023,NO,185.424233,256.549901,71.939593,32.629005,78,18.0,8.0
2023,HOU,178.251577,250.34625400000002,97.291233,41.988843,90,19.0,12.0
2023,TB,178.04747,202.256597,85.289644,33.073406,74,20.0,25.0
2023,IND,174.477006,204.568802,139.90641300000001,58.203557,86,21.0,24.0
2023,WAS,172.761891,189.558167,123.267429,27.264231,86,22.0,31.0
2023,CAR,171.160173,216.044823,94.768109,50.143141,85,23.0,21.0
2023,PHI,169.073716,252.015559,68.077629,34.9071,77,24.0,11.0
2023,NYG,168.268721,234.51382900000002,96.413938,38.960283,82,25.0,15.0
2023,LV,167.836736,198.858739,114.153835,76.846796,77,26.0,28.0
2023,MIN,167.324846,215.825516,107.08026100000001,65.479227,79,27.0,22.0
2023,SF,165.975853,258.27591,80.771601,28.398753,81,28.0,6.0
2023,TEN,164.559883,200.257479,126.350976,27.189244,87,29.0,27.0
2023,GB,151.91975499999998,204.61504,66.761237,9.92295,77,30.0,23.0
2023,ARI,148.451708,194.788069,108.340838,57.209826,83,31.0,29.0
2023,LA,137.84187699999998,168.139896,76.164032,31.100833,74,32.0,32.0
2024,CIN,246.587275,267.146597,154.47065800000001,58.351949,82,1.0,14.0
2024,ATL,238.939528,303.688182,148.573027,67.864905,81,2.0,3.0
2024,KC,235.652258,279.597155,137.246555,77.527343,83,3.0,8.0
2024,IND,235.472749,252.460006,154.335607,88.504931,80,4.0,17.0
2024,BAL,228.833664,234.839149,126.091198,56.433621,79,5.0,23.0
2024,ARI,226.542733,268.190105,158.791533,68.627579,86,6.0,13.0
2024,CHI,224.28430600000002,271.827558,170.907015,100.247373,79,7.0,9.0
2024,PIT,218.934808,221.125832,149.551176,27.248912,82,8.0,28.0
2024,LA,218.33240899999998,209.42123,135.878437,99.68557799999999,79,9.0,30.0
2024,SF,216.04510199999999,343.479434,107.702631,29.228889,89,10.0,1.0
2024,HOU,212.21314,268.264605,124.057914,76.787906,85,11.0,12.0
2024,DAL,210.68596,269.37709,114.456441,47.463169,82,12.0,11.0
2024,CLE,206.013046,291.3638,90.326708,41.793467,89,13.0,7.0
2024,JAX,199.386457,291.931363,98.423384,44.368537,78,14.0,6.0
2024,LAC,198.71284,231.08128200000002,112.507127,46.597748,82,15.0,24.0
2024,SEA,197.400742,206.471526,95.218783,44.10176,80,16.0,31.0
2024,MIA,196.10711600000002,293.987687,94.227032,52.691047,86,17.0,5.0
2024,NYJ,195.936127,243.008713,133.730853,66.435616,84,18.0,20.0
2024,WAS,195.734197,260.40310700000003,125.193383,63.405396,77,19.0,16.0
2024,DET,194.889056,301.795651,2256.557842,44.257657,86,20.0,4.0
2024,NO,193.254477,240.600835,92.573812,40.668729,82,21.0,21.0
2024,CAR,187.135197,240.532553,100.357364,50.672846,81,22.0,22.0
2024,PHI,187.052017,314.877238,72.773714,37.074529999999996,82,23.0,2.0
2024,GB,185.56055,264.351197,90.193329,30.314411,75,24.0,15.0
2024,MIN,182.642498,269.522354,107.537676,54.77167,77,25.0,10.0
2024,TB,182.607289,248.60465200000002,127.222881,67.925008,84,26.0,19.0
2024,BUF,181.498105,229.67117199999998,76.950532,55.850647,75,27.0,25.0
2024,TEN,178.72824500000002,229.075387,125.813518,74.096013,81,28.0,26.0
2024,NYG,177.05381,218.210477,109.929318,65.694387,86,29.0,29.0
2024,LV,176.61298,196.422436,132.256474,58.587961,82,30.0,32.0
2024,NE,168.705248,249.555373,87.308335,40.097901,76,31.0,18.0
2024,DEN,164.770117,228.123601,97.537741,31.56216,74,32.0,27.0
2025,CHI,270.883472,307.644596,183.474399,118.514959,82,1.0,6.0
2025,IND,270.34778,294.130044,183.230172,110.731487,88,2.0,12.0
2025,ARI,262.299165,266.952634,166.860341,109.708845,91,3.0,25.0
2025,KC,261.876715,318.768299,165.637363,115.92652,84,4.0,3.0
2025,CIN,256.886838,287.953894,157.131021,57.936254,78,5.0,16.0
2025,NYG,253.487985,299.721872,146.896013,75.746528,87,6.0,9.0
2025,ATL,253.484185,262.204027,153.799693,87.522831,87,7.0,26.0
2025,PIT,247.393608,284.822618,157.152693,49.496466999999996,84,8.0,19.0
2025,WAS,246.32879599999998,288.010308,152.237294,82.808992,85,9.0,15.0
2025,DET,245.975013,287.093278,143.51391,95.04410800000001,84,10.0,18.0
2025,LAC,240.681183,288.074378,139.10688199999998,116.774262,82,11.0,14.0
2025,MIN,238.804877,330.644444,130.41634,73.625416,78,12.0,2.0
2025,BUF,236.668677,331.960915,131.205786,69.83853,85,13.0,1.0
2025,DEN,236.500716,317.685005,149.524111,81.942053,85,14.0,4.0
2025,CAR,230.634058,280.090061,124.280187,86.180026,81,15.0,20.0
2025,DAL,229.557212,302.641211,129.432367,45.6302,78,16.0,7.0
2025,GB,229.137838,288.332543,125.307489,50.436515,89,17.0,13.0
2025,BAL,228.844106,300.409419,121.721874,70.08053,79,18.0,8.0
2025,TB,225.436766,269.555276,97.819696,80.74763300000001,79,19.0,24.0
2025,NE,221.942268,287.681722,124.706424,78.437432,90,20.0,17.0
2025,CLE,220.473423,295.958458,91.066737,42.286667,85,21.0,11.0
2025,TEN,220.020524,249.09252800000002,156.930848,103.981528,83,22.0,27.0
2025,SF,217.912823,298.72613,101.459878,42.331518,86,23.0,10.0
2025,LA,214.314002,235.355603,127.5761,86.854502,74,24.0,29.0
2025,LV,213.575682,234.086694,156.255396,120.886297,76,25.0,30.0
2025,HOU,212.585416,270.991707,113.163465,51.310862,86,26.0,23.0
2025,MIA,208.732411,278.058665,128.954825,81.077073,90,27.0,21.0
2025,JAX,206.103936,314.222878,97.797271,68.849174,77,28.0,5.0
2025,PHI,190.462693,272.199132,74.45994,76.26758,77,29.0,22.0
2025,SEA,182.958764,244.076618,103.695922,50.414712,80,30.0,28.0
2025,NO,164.580283,206.628556,95.202738,31.040657,82,31.0,32.0
2025,NYJ,157.09901200000002,213.757448,128.652345,50.927634000000005,88,32.0,31.0
