season,team,offensive_plays,offensive_epa_total,offensive_epa_per_play,offensive_success_rate,defensive_plays,defensive_epa_allowed_total,defensive_epa_allowed_per_play,offense_rank,defense_rank,overall_efficiency_rank,overall_rank,total_cap_number,total_cash_paid,total_base_salary,total_guaranteed_salary,player_contract_count,cap_cost_rank,cash_paid_rank,performance_score,cost_score,surplus_rank_gap,surplus_tier,surplus_value_rank
2021,LA,1361,69.32154814631988,0.0512354383934367,0.4538063562453806,1455,-41.403199694827194,-0.0286329181845277,5.0,12.0,17.0,5.0,137.729328,182.420152,86.662088,35.463392,84,29.0,24.0,28.0,4.0,24.0,Strong surplus value,1.0
2021,PHI,1388,54.77570113689845,0.0396064361076633,0.457700650759219,1414,-15.11690901404199,-0.0107823887404008,10.0,15.0,25.0,12.5,127.719994,209.835822,59.192005,18.851219,81,32.0,9.0,20.5,1.0,19.5,Strong surplus value,2.0
2021,NO,1390,-120.90920674587429,-0.0877425302945386,0.4005805515239477,1394,-153.64310708006815,-0.110614187962612,28.0,2.0,30.0,14.0,137.813988,200.776683,74.236303,33.545204,82,28.0,12.0,19.0,5.0,14.0,Strong surplus value,3.0
2021,TEN,1470,2.424185312618103,0.0016592644165763,0.4421629021218343,1380,-62.35033128441595,-0.0454448478749387,17.0,8.0,25.0,12.5,150.87417399999998,190.26222,114.662135,39.81224,84,25.0,21.0,20.5,8.0,12.5,Strong surplus value,4.0
2021,NE,1374,59.890913962650835,0.0438440072933022,0.4780380673499268,1353,-121.03913076073908,-0.0900588770541213,8.0,3.0,11.0,4.0,168.292836,226.713309,100.153988,38.109986,81,15.0,3.0,29.0,18.0,11.0,Strong surplus value,5.0
2021,CAR,1427,-183.0780953071643,-0.1287469024663602,0.4022503516174402,1379,-68.15885732021162,-0.0498601736065922,32.0,7.0,39.0,21.0,129.370517,164.050891,75.774239,26.581442,82,31.0,30.0,12.0,2.0,10.0,Strong surplus value,6.5
2021,TB,1467,109.18138324284872,0.0748843506466726,0.47599451303155,1440,-78.92711310357197,-0.0551166990946731,3.0,5.0,8.0,2.0,170.240584,255.632002,120.738451,60.042344,78,12.0,1.0,31.0,21.0,10.0,Strong surplus value,6.5
2021,CIN,1383,43.03257690845301,0.0313648519740911,0.4402332361516035,1424,-50.73589264012703,-0.035779896079074,12.0,9.0,21.0,7.0,170.163136,191.904588,101.622368,25.067602,83,13.0,19.0,26.0,20.0,6.0,Positive value,8.5
2021,PIT,1469,-86.29449594457839,-0.0591868970813294,0.3950617283950617,1481,-33.77785753821936,-0.0229002423987927,22.0,13.0,35.0,20.0,148.377109,176.252586,72.496556,11.41025,79,26.0,27.0,13.0,7.0,6.0,Positive value,8.5
2021,DEN,1340,14.038920487062391,0.0105160453086609,0.4374531835205992,1342,1.525866197418407,0.0011472678176078,15.0,19.0,34.0,18.5,151.11016899999998,177.101809,108.47245,53.182413,84,24.0,26.0,14.5,9.0,5.5,Positive value,10.0
2021,SEA,1275,20.99048628717212,0.0165670767854555,0.4380426203630623,1545,-6.158665520251131,-0.0040095478647468,14.0,18.0,32.0,15.5,159.669687,196.932822,101.456661,42.74874,79,20.0,15.0,17.5,13.0,4.5,Positive value,11.0
2021,KC,1459,162.5750787173431,0.1121981219581387,0.4968944099378882,1387,20.08324304042712,0.0145530746669761,1.0,23.0,24.0,10.5,168.724587,198.271998,107.400715,77.56262,79,14.0,14.0,22.5,19.0,3.5,Fair value,12.0
2021,BUF,1457,75.89694025712836,0.0524875105512644,0.466804979253112,1357,-151.93030238038057,-0.1124576627537976,4.0,1.0,5.0,1.0,177.980098,222.153617,98.476251,64.558197,73,4.0,4.0,32.0,29.0,3.0,Fair value,13.0
2021,DET,1397,-85.23938992296762,-0.0613233021028544,0.4093525179856115,1398,84.71394655733545,0.061033102707014,24.0,30.0,54.0,28.0,129.541157,170.209392,91.311231,46.685698,89,30.0,29.0,5.0,3.0,2.0,Fair value,14.0
2021,MIN,1440,-7.317232825615129,-0.0051026728212099,0.405857740585774,1496,-17.89768818035856,-0.0120523152729687,18.0,14.0,32.0,15.5,164.448342,196.54167,102.487673,54.259353,82,17.0,16.0,17.5,16.0,1.5,Fair value,15.0
2021,GB,1384,122.20676514419964,0.08894233271048,0.4767103347889374,1337,18.834044547261943,0.014160935749821,2.0,22.0,24.0,10.5,171.364022,186.261063,73.088516,16.808532,79,10.0,22.0,22.5,23.0,-0.5,Fair value,16.0
2021,ARI,1454,41.380283440407894,0.0286368743532234,0.4546712802768166,1368,-68.11647545523128,-0.0500856437170818,13.0,6.0,19.0,6.0,176.21109,194.146095,123.009006,54.615368,80,5.0,18.0,27.0,28.0,-1.0,Fair value,18.0
2021,DAL,1521,75.47353523093685,0.0499493945936048,0.4559894109861019,1459,-126.5523594697118,-0.0871572723620604,6.0,4.0,10.0,3.0,180.302823,248.229932,115.00376,55.599741,82,2.0,2.0,30.0,31.0,-1.0,Fair value,18.0
2021,SF,1357,63.20924518536667,0.0468911314431503,0.4473293768545994,1374,-10.638307957732223,-0.007787926762615,7.0,16.0,23.0,9.0,172.329978,222.125627,103.150199,38.42881,83,8.0,5.0,24.0,25.0,-1.0,Fair value,18.0
2021,LV,1439,-17.31777373167215,-0.0121103312808896,0.4412587412587412,1450,58.40970418805877,0.0405060361914415,19.0,27.0,46.0,25.0,153.942936,182.802426,111.612028,58.723912,78,23.0,23.0,8.0,10.0,-2.0,Fair value,20.0
2021,HOU,1365,-154.22940680207435,-0.1137385005915002,0.3709439528023598,1400,48.81948705300588,0.0350714705840559,30.0,26.0,56.0,30.0,141.537636,149.916796,98.386586,32.670162,80,27.0,32.0,3.0,6.0,-3.0,Fair value,21.0
2021,BAL,1524,7.923355640488939,0.0052299377164943,0.4501650165016501,1387,21.720513853187377,0.0157509164997732,16.0,24.0,40.0,22.0,163.832188,208.864612,83.762471,35.835516,91,18.0,10.0,11.0,15.0,-4.0,Negative value,22.0
2021,CHI,1389,-119.05831912397764,-0.0861492902488984,0.4095513748191027,1320,-6.063754257224247,-0.0046288200436826,27.0,17.0,44.0,24.0,163.434586,195.129412,111.724512,60.716149,79,19.0,17.0,9.0,14.0,-5.0,Negative value,23.0
2021,MIA,1442,-85.18418429069692,-0.0594861622141738,0.4029329608938548,1416,-47.28374494700478,-0.0335583711476258,23.0,10.0,33.0,17.0,170.29194,178.603947,111.784229,61.714141999999995,81,11.0,25.0,16.0,22.0,-6.0,Negative value,24.0
2021,ATL,1339,-104.95569608757576,-0.0788547679095234,0.4034560480841472,1428,65.73401540572824,0.0463241828088289,26.0,29.0,55.0,29.0,154.783802,151.93243,87.913647,28.772421,78,22.0,31.0,4.0,11.0,-7.0,Negative value,25.5
2021,IND,1391,54.41508451740899,0.0394312206647891,0.4543478260869565,1365,-43.407799189978554,-0.0319409854230894,11.0,11.0,22.0,8.0,181.611662,216.182997,111.346935,81.582995,80,1.0,8.0,25.0,32.0,-7.0,Negative value,25.5
2021,JAX,1369,-125.89846863525612,-0.0925043854777781,0.4107274063188831,1384,118.71749926816196,0.0863399994677541,29.0,31.0,60.0,32.0,156.675056,202.835835,108.39917,41.070767,83,21.0,11.0,1.0,12.0,-11.0,Major underperformance,27.5
2021,NYG,1379,-171.39306931841375,-0.1251044301594261,0.3897810218978102,1435,3.032924002782077,0.0021253847251451,31.0,20.0,51.0,27.0,165.270893,200.429843,89.936188,50.94256,89,16.0,13.0,6.0,17.0,-11.0,Major underperformance,27.5
2021,LAC,1466,61.16832761781851,0.0419535854717548,0.4567901234567901,1443,48.08063331192963,0.0335290329929774,9.0,25.0,34.0,18.5,178.023289,175.705385,129.380739,80.985905,77,3.0,28.0,14.5,30.0,-15.5,Major underperformance,29.0
2021,CLE,1371,-32.645269000249996,-0.0239510410860234,0.4218635363169479,1381,4.472090049187839,0.0032595408521777,20.0,21.0,41.0,23.0,174.623273,218.012388,115.813914,55.37679,82,6.0,6.0,10.0,27.0,-17.0,Major underperformance,30.0
2021,WAS,1399,-55.468267088126616,-0.0398192872132997,0.43862167982771,1379,60.08766420520196,0.0439237311441534,21.0,28.0,49.0,26.0,172.625133,216.711008,121.953882,62.406344,89,7.0,7.0,7.0,26.0,-19.0,Major underperformance,31.0
2021,NYJ,1363,-99.86198259630184,-0.0736445299382756,0.4122418879056047,1478,138.02333792898645,0.0940213473630697,25.0,32.0,57.0,31.0,171.97839,191.050641,121.996937,86.274993,89,9.0,20.0,2.0,24.0,-22.0,Major underperformance,32.0
2022,PHI,1455,81.3912717806783,0.0564433230101791,0.4646324549237171,1390,-71.2053865673617,-0.0513747377830892,3.0,6.0,9.0,3.0,153.984871,219.318789,78.824486,23.497041,78,25.0,17.0,30.0,8.0,22.0,Strong surplus value,1.0
2022,BUF,1333,118.45076112095803,0.0896674951710507,0.4912944738834216,1308,-76.51416625660852,-0.0586765078654973,2.0,5.0,7.0,1.5,180.911966,267.00885999999997,96.535358,59.748965,78,16.0,3.0,31.5,17.0,14.5,Strong surplus value,2.0
2022,BAL,1361,15.185036283837498,0.0112565131829781,0.4395848776871757,1351,-40.77064801696999,-0.0302902288387592,12.0,11.0,23.0,7.0,177.526926,213.686495,115.094152,57.87987,82,19.0,20.0,26.0,14.0,12.0,Strong surplus value,3.0
2022,NO,1333,-74.0554958828528,-0.0558909402889455,0.4369811320754717,1411,-53.1683862987475,-0.0379232427237856,24.0,9.0,33.0,11.5,162.225477,265.520668,76.738278,24.617855,82,23.0,4.0,21.5,10.0,11.5,Strong surplus value,4.0
2022,SEA,1387,21.78963476504844,0.0158125070863921,0.4542815674891146,1450,7.663504199838037,0.0053144966711775,11.0,23.0,34.0,14.0,158.740071,229.575969,95.659677,28.38174,88,24.0,11.0,19.0,9.0,10.0,Strong surplus value,5.0
2022,CAR,1304,-45.74314822536958,-0.0352412544109164,0.4198767334360554,1456,-22.05466498685808,-0.0152627439355419,20.0,17.0,37.0,18.5,149.79213,207.468494,85.650016,61.028971,74,28.0,24.0,14.5,5.0,9.5,Positive value,6.0
2022,SF,1363,53.34043216624421,0.0393656325950141,0.459040590405904,1347,-151.94528620160042,-0.1135614994032888,6.0,1.0,7.0,1.5,184.516213,213.973591,106.404156,51.623159,78,10.0,19.0,31.5,23.0,8.5,Positive value,7.0
2022,DAL,1444,24.00278241854921,0.0167266776435882,0.4425087108013937,1456,-122.37869223876328,-0.08451567143561,10.0,3.0,13.0,5.0,182.588607,188.07604,117.014414,48.035237,85,13.0,27.0,28.0,20.0,8.0,Positive value,8.0
2022,LV,1380,-1.5431895589999876,-0.0011231365058224,0.4286754002911208,1403,21.91514311846347,0.0157436372977467,13.0,28.0,41.0,23.0,149.581882,219.914061,115.919315,67.892066,81,29.0,15.0,10.0,4.0,6.0,Positive value,9.5
2022,NYG,1429,33.83334549273659,0.0237927886728105,0.4395218002812939,1420,53.11071156417283,0.0376671713221083,8.0,31.0,39.0,21.0,150.469918,173.970546,85.035411,71.082171,82,27.0,30.0,12.0,6.0,6.0,Positive value,9.5
2022,ATL,1322,-2.9710131105201887,-0.0022644917000916,0.4489329268292683,1389,26.66965136404264,0.0192978663994519,14.0,29.0,43.0,25.5,118.839327,145.826819,74.851686,22.862687,84,31.0,31.0,7.5,2.0,5.5,Positive value,11.0
2022,CLE,1434,-7.326313224977618,-0.0051268811931263,0.4345696291112666,1371,12.42817130647486,0.009145085582395,15.0,24.0,39.0,21.0,151.322572,257.797731,85.722515,44.518822,81,26.0,5.0,12.0,7.0,5.0,Positive value,12.0
2022,DET,1421,67.35490212004268,0.0477355791070465,0.4500354358610914,1406,43.96389394254268,0.031425227978944,4.0,30.0,34.0,14.0,180.296816,219.886916,103.002324,58.620181,82,17.0,16.0,19.0,16.0,3.0,Fair value,13.0
2022,HOU,1335,-174.03929988391383,-0.1306601350479833,0.3783783783783784,1476,-27.90313521887996,-0.0190855918049794,31.0,13.0,44.0,27.5,134.140789,182.838649,73.37994499999999,30.814621,79,30.0,29.0,5.5,3.0,2.5,Fair value,14.0
2022,CHI,1303,-57.096725732185085,-0.0439543693088414,0.4003079291762894,1352,98.96568123863987,0.0739101428219864,21.0,32.0,53.0,32.0,112.256869,115.642718,93.258894,36.517181,81,32.0,32.0,1.0,1.0,0.0,Fair value,15.5
2022,KC,1411,171.10055573791342,0.1220403393280409,0.4971469329529244,1428,13.15342989446355,0.0092629787989179,1.0,25.0,26.0,8.0,189.757091,212.436914,88.902378,94.402359,75,8.0,21.0,25.0,25.0,0.0,Fair value,15.5
2022,TB,1499,-83.12180333275015,-0.0556743491846953,0.4226389819156061,1409,-26.043525712506536,-0.0186291314109488,23.0,14.0,37.0,18.5,178.117264,248.512141,108.741592,61.244777,76,18.0,9.0,14.5,15.0,-0.5,Fair value,17.0
2022,CIN,1371,55.325260410023695,0.0407102725607238,0.4569536423841059,1298,-60.73493035663881,-0.0469358039850377,5.0,7.0,12.0,4.0,195.608113,187.293956,122.740342,38.43939,77,3.0,28.0,29.0,30.0,-1.0,Fair value,18.5
2022,WAS,1473,-79.6308342695192,-0.0543555182727093,0.4034129692832764,1319,-53.8804494817261,-0.0411301141081878,22.0,8.0,30.0,10.0,186.457339,199.030366,122.663734,70.451878,82,9.0,26.0,23.0,24.0,-1.0,Fair value,18.5
2022,NE,1330,-95.81042834179584,-0.0724190690414178,0.4013605442176871,1426,-125.83183252529965,-0.0888642885065675,26.0,2.0,28.0,9.0,190.963265,200.549974,113.816407,55.114041,80,6.0,25.0,24.0,27.0,-3.0,Fair value,20.0
2022,JAX,1389,40.27222953276125,0.02918277502374,0.4550724637681159,1425,-30.18161088850328,-0.0212996548260432,7.0,12.0,19.0,6.0,199.003501,248.002709,113.459365,62.049342,76,2.0,10.0,27.0,31.0,-4.0,Negative value,21.0
2022,GB,1354,-7.228574041938515,-0.0053824080729251,0.4512285927029039,1296,-2.101357867318729,-0.0016289595870687,16.0,20.0,36.0,17.0,182.902103,268.002999,71.053558,14.058528,75,12.0,2.0,16.0,21.0,-5.0,Negative value,22.0
2022,MIN,1487,-22.915131102975316,-0.0154936653840265,0.4354293441514537,1446,2.780019145963343,0.0019345992665019,17.0,22.0,39.0,21.0,181.539554,207.736933,100.191256,55.295002,79,14.0,23.0,12.0,19.0,-7.0,Negative value,23.0
2022,DEN,1436,-115.8051769062818,-0.081039312040785,0.3813855843247026,1434,-25.499600254375352,-0.0179070226505444,28.0,16.0,44.0,27.5,175.909273,225.816085,125.812347,73.54172799999999,89,20.0,13.0,5.5,13.0,-7.5,Negative value,24.5
2022,NYJ,1404,-123.64940118581345,-0.0886375635740598,0.3942652329749104,1408,-86.50944200142182,-0.0617924585724441,29.0,4.0,33.0,11.5,194.176709,251.937404,120.044352,71.847926,79,4.0,7.0,21.5,29.0,-7.5,Negative value,24.5
2022,LA,1311,-99.37011129335552,-0.0763797934614569,0.404304381245196,1348,-3.438418218587269,-0.0025640702599457,27.0,19.0,46.0,30.0,173.921584,272.258136,108.300606,46.528021,84,22.0,1.0,3.0,11.0,-8.0,Negative value,26.5
2022,PIT,1438,-24.468140442808156,-0.0171225615415032,0.4366689993002099,1330,15.952981257409787,0.0120673080615807,18.0,27.0,45.0,29.0,173.991044,222.168535,109.573324,34.675498000000005,78,21.0,14.0,4.0,12.0,-8.0,Negative value,26.5
2022,MIA,1327,25.52525618326362,0.0193373152903512,0.4325757575757575,1430,16.441643929603778,0.0115786224856364,9.0,26.0,35.0,16.0,191.007461,250.400081,112.811523,75.986209,83,5.0,8.0,17.0,28.0,-11.0,Major underperformance,28.0
2022,LAC,1483,-27.15859618159242,-0.0183876751398729,0.4204468517264725,1318,-23.54531313837201,-0.0180147766934751,19.0,15.0,34.0,14.0,201.2051,254.117406,144.730314,89.102555,83,1.0,6.0,19.0,32.0,-13.0,Major underperformance,29.0
2022,TEN,1327,-86.9986096731687,-0.066158638534729,0.417490494296578,1442,-13.208636531312766,-0.0091918138700854,25.0,18.0,43.0,25.5,184.169996,226.678887,140.447418,71.839558,87,11.0,12.0,7.5,22.0,-14.5,Major underperformance,30.0
2022,ARI,1487,-133.25947468200096,-0.0901620261718545,0.3917456021650879,1401,-2.0749551534282853,-0.0014895586169621,30.0,21.0,51.0,31.0,181.055147,213.976985,127.081766,60.179421,84,15.0,18.0,2.0,18.0,-16.0,Major underperformance,31.0
2022,IND,1427,-198.97484109988991,-0.1404197890613196,0.4029640084685956,1414,-47.64923320698687,-0.0338658373894718,32.0,10.0,42.0,24.0,190.49929,211.888058,131.580856,99.812075,80,7.0,22.0,9.0,26.0,-17.0,Major underperformance,32.0
2023,SF,1340,162.12468423534412,0.1220818405386627,0.4947289156626506,1356,-61.47831556691191,-0.0455057850236209,1.0,12.0,13.0,3.0,165.975853,258.27591,80.771601,28.398753,81,28.0,6.0,30.0,5.0,25.0,Strong surplus value,1.0
2023,LA,1426,-2.2626070044278053,-0.0015956325842227,0.4301833568406206,1416,-34.102601438656535,-0.0242378119677729,10.0,20.0,30.0,12.0,137.84187699999998,168.139896,76.164032,31.100833,74,32.0,32.0,21.0,1.0,20.0,Strong surplus value,2.0
2023,GB,1368,40.06618789351222,0.0294387861083851,0.4349742836149889,1382,-2.6415815822074435,-0.0019253510074398,7.0,24.0,31.0,14.0,151.91975499999998,204.61504,66.761237,9.92295,77,30.0,23.0,19.0,3.0,16.0,Strong surplus value,3.0
2023,NO,1448,-64.74412587732965,-0.0449611985259233,0.4069444444444444,1400,-152.30439408852448,-0.1094927347868616,19.0,3.0,22.0,6.0,185.424233,256.549901,71.939593,32.629005,78,18.0,8.0,27.0,15.0,12.0,Strong surplus value,4.0
2023,LV,1311,-100.60093357771174,-0.0770888379905837,0.4045977011494253,1400,-93.48471574767632,-0.0673036110494429,25.0,7.0,32.0,15.0,167.836736,198.858739,114.153835,76.846796,77,26.0,28.0,18.0,7.0,11.0,Strong surplus value,5.5
2023,TB,1384,-26.366234852043274,-0.0191893994556355,0.395924308588064,1386,-55.404517408962086,-0.0401773150173764,13.0,14.0,27.0,9.0,178.04747,202.256597,85.289644,33.073406,74,20.0,25.0,24.0,13.0,11.0,Strong surplus value,5.5
2023,HOU,1424,-27.341870330199733,-0.0192956036204655,0.4121383203952011,1423,-52.273785240129214,-0.0369948940128303,14.0,16.0,30.0,12.0,178.251577,250.346254,97.291233,41.988843,90,19.0,12.0,21.0,14.0,7.0,Positive value,7.0
2023,DAL,1443,135.35848478164817,0.0943264702311137,0.4689895470383275,1360,-103.38082810508948,-0.0765217084419611,2.0,5.0,7.0,1.0,202.894935,258.441688,105.564011,54.537187,78,7.0,5.0,32.0,26.0,6.0,Positive value,8.5
2023,MIN,1386,-66.41225197096271,-0.0480899724626811,0.4170890658942795,1416,-45.83092475209387,-0.0326431087977876,21.0,17.0,38.0,21.0,167.324846,215.825516,107.080261,65.479227,79,27.0,22.0,12.0,6.0,6.0,Positive value,8.5
2023,PHI,1433,73.31264244985044,0.0515922888457779,0.4532019704433497,1438,60.094039400414474,0.041935826518084,5.0,30.0,35.0,18.5,169.073716,252.015559,68.077629,34.9071,77,24.0,11.0,14.5,9.0,5.5,Positive value,10.0
2023,DET,1455,26.47845641225739,0.018349588643283,0.437976437976438,1375,-44.46343570740597,-0.0324550625601503,8.0,18.0,26.0,8.0,192.523396,201.576993,126.424685,51.455781,81,13.0,26.0,25.0,20.0,5.0,Positive value,11.0
2023,BAL,1412,69.4735670777705,0.0495885560869168,0.4725196288365453,1461,-164.16013655503244,-0.1128248361202972,6.0,2.0,8.0,2.0,206.005299,286.472244,119.570484,47.543624,84,5.0,2.0,31.0,28.0,3.0,Fair value,12.5
2023,TEN,1351,-41.95196180453797,-0.0313308153880044,0.4032860343539955,1415,46.90005171045271,0.0332624480215976,16.0,28.0,44.0,26.0,164.559883,200.257479,126.350976,27.189244,87,29.0,27.0,7.0,4.0,3.0,Fair value,12.5
2023,ARI,1413,-60.33979589007582,-0.0430076948610661,0.3977191732002851,1370,84.88932338961716,0.0622812350620815,18.0,31.0,49.0,29.5,148.451708,194.788069,108.340838,57.209826,83,31.0,29.0,3.5,2.0,1.5,Fair value,14.0
2023,CLE,1534,-149.68326074262728,-0.0980886374460205,0.3977719528178244,1409,-196.4097809044572,-0.1402927006460408,28.0,1.0,29.0,10.0,197.049392,286.609336,109.762781,35.271538,85,11.0,1.0,23.0,22.0,1.0,Fair value,15.5
2023,MIA,1378,97.08875406183616,0.0708677036947709,0.4722627737226277,1391,-28.16650409632567,-0.0203809725733181,3.0,21.0,24.0,7.0,202.341962,253.192457,120.359175,74.150586,81,8.0,10.0,26.0,25.0,1.0,Fair value,15.5
2023,CHI,1415,-84.93584791798293,-0.0602809424542107,0.4031227821149751,1348,-75.09248410967902,-0.0561649095809117,23.0,10.0,33.0,16.5,190.995722,228.276104,127.860094,73.714876,71,17.0,17.0,16.5,16.0,0.5,Fair value,17.0
2023,KC,1385,-4.150572068047572,-0.0030185978676709,0.4305454545454545,1352,-94.50407570170566,-0.0702632533098183,11.0,6.0,17.0,5.0,206.098541,232.817532,121.142281,64.118866,78,4.0,16.0,28.0,29.0,-1.0,Fair value,18.0
2023,IND,1450,-53.6204128934492,-0.037236397842673,0.4048611111111111,1491,-23.844421894852484,-0.0160676697404666,17.0,22.0,39.0,23.0,174.477006,204.568802,139.906413,58.203557,86,21.0,24.0,10.0,12.0,-2.0,Fair value,19.0
2023,BUF,1421,87.38964592387728,0.061890684082066,0.4681303116147309,1354,-70.14442526746119,-0.0521132431407586,4.0,11.0,15.0,4.0,216.55888,273.565868,107.076641,58.183694,79,1.0,3.0,29.0,32.0,-3.0,Fair value,20.0
2023,NYG,1397,-208.7567798714349,-0.1502928580787868,0.3765298776097912,1402,-44.12629936707149,-0.0316771711177828,30.0,19.0,49.0,29.5,168.268721,234.513829,96.413938,38.960283,82,25.0,15.0,3.5,8.0,-4.5,Negative value,21.0
2023,NYJ,1411,-258.80226102304647,-0.1843320947457596,0.3646723646723647,1432,-152.4312459497342,-0.1071949690223166,31.0,4.0,35.0,18.5,194.139093,260.768766,125.307848,51.429047,82,12.0,4.0,14.5,21.0,-6.5,Negative value,22.0
2023,SEA,1336,21.166381580391864,0.0159265474645536,0.4439428141459744,1482,59.16668858524848,0.0401947612671525,9.0,29.0,38.0,21.0,192.075633,253.541063,88.397732,41.079452,80,14.0,9.0,12.0,19.0,-7.0,Negative value,23.0
2023,CAR,1432,-186.5508543435668,-0.1306378531817694,0.384453781512605,1323,20.510552420424727,0.015656910244599,29.0,27.0,56.0,31.0,171.160173,216.044823,94.768109,50.143141,85,23.0,21.0,2.0,10.0,-8.0,Negative value,24.0
2023,JAX,1449,-42.42129865540236,-0.0294592351773627,0.4284722222222222,1394,-53.740011655274984,-0.038773457182738,15.0,15.0,30.0,12.0,209.03565,237.259888,119.921032,54.000477,77,3.0,14.0,21.0,30.0,-9.0,Negative value,25.0
2023,NE,1326,-250.68614769632225,-0.189339990707192,0.3670694864048338,1424,-92.35473784512617,-0.0655463008127226,32.0,8.0,40.0,24.5,191.781248,189.840293,114.048438,40.64666,81,15.0,30.0,8.5,18.0,-9.5,Negative value,26.0
2023,WAS,1403,-117.75689738233412,-0.0844741014220474,0.4017216642754663,1444,106.55391436415847,0.0742018902257371,26.0,32.0,58.0,32.0,172.761891,189.558167,123.267429,27.264231,86,22.0,31.0,1.0,11.0,-10.0,Major underperformance,27.0
2023,PIT,1347,-100.75538745172793,-0.0755854369480329,0.4073518379594898,1404,-79.21024797395475,-0.0565383640071054,24.0,9.0,33.0,16.5,205.266216,225.514286,128.537434,40.4075,79,6.0,18.0,16.5,27.0,-10.5,Major underperformance,28.0
2023,LAC,1432,-80.0842807287849,-0.0561994952482701,0.4084210526315789,1432,-22.162345383179517,-0.0155853343060334,22.0,23.0,45.0,27.5,191.339371,222.983603,100.336247,22.092282,79,16.0,20.0,5.5,17.0,-11.5,Major underperformance,29.0
2023,ATL,1424,-123.02435513967156,-0.0869430071658456,0.4035335689045936,1423,-61.994324985413904,-0.0438122438059462,27.0,13.0,40.0,24.5,197.951646,245.910299,111.181644,81.105314,82,10.0,13.0,8.5,23.0,-14.5,Major underperformance,30.0
2023,DEN,1364,-61.11042981356649,-0.0451332568785572,0.4128508124076809,1405,6.472386828790582,0.004629747373956,20.0,25.0,45.0,27.5,199.222631,225.292992,136.555275,62.688641,79,9.0,19.0,5.5,24.0,-18.5,Major underperformance,31.0
2023,CIN,1379,-7.2443254521056595,-0.0052801205919137,0.4293002915451895,1369,11.975096556948415,0.0088116972457309,12.0,26.0,38.0,21.0,211.511617,257.742476,125.777729,34.949702,74,2.0,7.0,12.0,31.0,-19.0,Major underperformance,32.0
2024,DEN,1389,35.655093121446036,0.0257996332282532,0.4696092619392185,1449,-104.25770022519012,-0.0724514942496109,12.0,2.0,14.0,4.5,164.770117,228.123601,97.537741,31.56216,74,32.0,27.0,28.5,1.0,27.5,Strong surplus value,1.0
2024,BUF,1378,185.43514139684905,0.1357504695438133,0.5,1385,-4.977879527254021,-0.0036071590777203,3.0,11.0,14.0,4.5,181.498105,229.671172,76.950532,55.850647,75,27.0,25.0,28.5,6.0,22.5,Strong surplus value,2.0
2024,GB,1364,98.03939324840243,0.0722471578838632,0.4848931466470155,1377,-53.96616859667329,-0.0394778117020287,8.0,5.0,13.0,3.0,185.56055,264.351197,90.193329,30.314411,75,24.0,15.0,30.0,9.0,21.0,Strong surplus value,3.5
2024,PHI,1441,114.51184009703206,0.0800782098580643,0.4734265734265734,1312,-75.5901372061655,-0.057879124966436,7.0,3.0,10.0,2.0,187.052017,314.877238,72.773714,37.07453,82,23.0,2.0,31.0,10.0,21.0,Strong surplus value,3.5
2024,DET,1425,197.48338412767103,0.1395642290654919,0.5314487632508834,1386,-52.88009056001203,-0.0383466936620826,2.0,6.0,8.0,1.0,194.889056,301.795651,2256.557842,44.257657,86,20.0,4.0,32.0,13.0,19.0,Strong surplus value,5.0
2024,MIN,1402,31.76611961183577,0.0228862533226482,0.4848703170028818,1434,-104.0445013040419,-0.0727075480810914,14.0,1.0,15.0,6.5,182.642498,269.522354,107.537676,54.77167,77,25.0,10.0,26.5,8.0,18.5,Strong surplus value,6.0
2024,TB,1426,144.45802867984756,0.1020183818360505,0.5190677966101694,1407,6.027957463955962,0.0043056839028256,5.0,15.0,20.0,9.0,182.607289,248.604652,127.222881,67.925008,84,26.0,19.0,24.0,7.0,17.0,Strong surplus value,7.0
2024,LAC,1352,53.37845794388513,0.0397161145415812,0.4583333333333333,1372,-69.47666224779076,-0.0509733398736542,11.0,4.0,15.0,6.5,198.71284,231.081282,112.507127,46.597748,82,15.0,24.0,26.5,18.0,8.5,Positive value,8.0
2024,WAS,1442,166.977277481798,0.1165228733299358,0.5143056524773203,1382,56.168727455800294,0.0408797143055315,4.0,23.0,27.0,12.0,195.734197,260.40310700000003,125.193383,63.405396,77,19.0,16.0,21.0,14.0,7.0,Positive value,9.0
2024,LV,1403,-148.8273208813415,-0.1066098287115626,0.4520057306590258,1422,-1.368224928624746,-0.000968997824805,31.0,13.0,44.0,24.5,176.61298,196.422436,132.256474,58.587961,82,30.0,32.0,8.5,3.0,5.5,Positive value,10.0
2024,MIA,1408,-20.583677012225472,-0.0147341997224233,0.4803149606299212,1360,-3.395723636417386,-0.0025079199678119,22.0,12.0,34.0,15.0,196.107116,293.987687,94.227032,52.691047,86,17.0,5.0,18.0,16.0,2.0,Fair value,11.5
2024,SEA,1401,-13.37800816386962,-0.0096037388111052,0.4752333094041637,1418,-14.45672864877147,-0.0102602758330528,20.0,10.0,30.0,14.0,197.400742,206.471526,95.218783,44.10176,80,16.0,31.0,19.0,17.0,2.0,Fair value,11.5
2024,NYG,1413,-116.70556028179922,-0.0828874717910505,0.4438920454545454,1371,54.91551583627766,0.0404087680914478,29.0,22.0,51.0,28.5,177.05381,218.210477,109.929318,65.694387,86,29.0,29.0,4.5,4.0,0.5,Fair value,13.0
2024,NE,1380,-88.15897120410585,-0.0643496140175955,0.4693430656934306,1375,68.93258487920579,0.0503893164321679,28.0,27.0,55.0,31.0,168.705248,249.555373,87.308335,40.097901,76,31.0,18.0,2.0,2.0,0.0,Fair value,14.0
2024,TEN,1384,-123.40992384467422,-0.0896223121602572,0.4408133623819898,1348,50.524335335288114,0.0377610876945352,30.0,21.0,51.0,28.5,178.72824500000002,229.075387,125.813518,74.096013,81,28.0,26.0,4.5,5.0,-0.5,Fair value,15.0
2024,NO,1369,-68.75179342045898,-0.0505156454228207,0.4393828067597355,1464,9.284205623725462,0.0063808973358937,26.0,16.0,42.0,22.0,193.254477,240.600835,92.573812,40.668729,82,21.0,21.0,11.0,12.0,-1.0,Fair value,16.0
2024,HOU,1406,-17.171986213503352,-0.0122920445336459,0.4395132426628489,1390,-22.816303709858477,-0.016509626418132,21.0,8.0,29.0,13.0,212.21314,268.264605,124.057914,76.787906,85,11.0,12.0,20.0,22.0,-2.0,Fair value,17.0
2024,BAL,1398,194.53814804236276,0.140056262089534,0.5140388768898488,1432,12.094967174693585,0.0084936567238016,1.0,17.0,18.0,8.0,228.833664,234.839149,126.091198,56.433621,79,5.0,23.0,25.0,28.0,-3.0,Fair value,18.5
2024,PIT,1422,9.082424364702474,0.0064323118730187,0.4596317280453257,1379,-34.481405943813606,-0.0251322200756658,18.0,7.0,25.0,11.0,218.934808,221.125832,149.551176,27.248912,82,8.0,28.0,22.0,25.0,-3.0,Fair value,18.5
2024,NYJ,1339,-5.733094834879623,-0.0043008963502472,0.4643660915228807,1415,68.02602965624139,0.048451588074246,19.0,25.0,44.0,24.5,195.936127,243.008713,133.730853,66.435616,84,18.0,20.0,8.5,15.0,-6.5,Negative value,20.0
2024,KC,1405,73.85004817183871,0.0530531955257462,0.5021551724137931,1355,-0.5575592984532003,-0.0004127011831629,10.0,14.0,24.0,10.0,235.652258,279.597155,137.246555,77.527343,83,3.0,8.0,23.0,30.0,-7.0,Negative value,21.0
2024,CLE,1471,-221.10640216793823,-0.1506174401688952,0.4059945504087193,1379,-15.283986695858632,-0.0111970598504458,32.0,9.0,41.0,20.5,206.013046,291.3638,90.326708,41.793467,89,13.0,7.0,12.5,20.0,-7.5,Negative value,22.0
2024,LA,1355,23.54609100695842,0.0174803942145199,0.4944320712694877,1396,49.52327457671012,0.0357053169262509,15.0,20.0,35.0,17.0,218.332409,209.42123,135.878437,99.685578,79,9.0,30.0,16.0,24.0,-8.0,Negative value,23.0
2024,CAR,1353,-52.765129785379536,-0.0392305797660814,0.4602230483271375,1494,180.2576090780708,0.1213855953387682,24.0,32.0,56.0,32.0,187.135197,240.532553,100.357364,50.672846,81,22.0,22.0,1.0,11.0,-10.0,Major underperformance,24.0
2024,ARI,1369,85.55538441525414,0.0627699078615217,0.5077035950110051,1354,66.78885288224811,0.0497310892645183,9.0,26.0,35.0,17.0,226.542733,268.190105,158.791533,68.627579,86,6.0,13.0,16.0,27.0,-11.0,Major underperformance,25.0
2024,JAX,1305,8.74695091383887,0.006728423779876,0.4607692307692307,1476,143.69191225965966,0.0981502132921172,17.0,31.0,48.0,27.0,199.386457,291.931363,98.423384,44.368537,78,14.0,6.0,6.0,19.0,-13.0,Major underperformance,26.5
2024,SF,1358,31.746766644983033,0.0235335557042127,0.4870274277242402,1336,85.72020147086121,0.0645483444810701,13.0,30.0,43.0,23.0,216.045102,343.479434,107.702631,29.228889,89,10.0,1.0,10.0,23.0,-13.0,Major underperformance,26.5
2024,CIN,1426,127.03822134603016,0.0897162580127331,0.5084745762711864,1418,79.06371478900817,0.056033816292706,6.0,29.0,35.0,17.0,246.587275,267.146597,154.470658,58.351949,82,1.0,14.0,16.0,32.0,-16.0,Major underperformance,28.0
2024,IND,1376,-49.2347454365483,-0.035937770391641,0.4547445255474452,1450,12.404230643654657,0.0086200351936446,23.0,18.0,41.0,20.5,235.472749,252.460006,154.335607,88.504931,80,4.0,17.0,12.5,29.0,-16.5,Major underperformance,29.0
2024,ATL,1421,16.09703662443777,0.0114001675810465,0.5021246458923513,1404,61.2907319988517,0.0439045358157963,16.0,24.0,40.0,19.0,238.939528,303.688182,148.573027,67.864905,81,2.0,3.0,14.0,31.0,-17.0,Major underperformance,30.0
2024,DAL,1478,-66.2528047832655,-0.0450392962496706,0.4520734194425561,1407,71.33796286240522,0.0510651130010058,25.0,28.0,53.0,30.0,210.68596,269.37709,114.456441,47.463169,82,12.0,11.0,3.0,21.0,-18.0,Major underperformance,31.0
2024,CHI,1427,-72.48127521612803,-0.0511512175131461,0.434015525758645,1339,14.845372535323165,0.0111451745760684,27.0,19.0,46.0,26.0,224.284306,271.827558,170.907015,100.247373,79,7.0,9.0,7.0,26.0,-19.0,Major underperformance,32.0
2025,SEA,1337,61.744893035209294,0.0465296857838804,0.4996232102486812,1404,-169.0785127123297,-0.1210297156136934,11.0,1.0,12.0,2.5,182.958764,244.076618,103.695922,50.414712,80,30.0,28.0,30.5,3.0,27.5,Strong surplus value,1.0
2025,JAX,1439,79.24002912364156,0.0554126077787703,0.4783216783216783,1366,-80.29928756740962,-0.0591305504914651,9.0,5.0,14.0,4.0,206.103936,314.222878,97.797271,68.849174,77,28.0,5.0,29.0,5.0,24.0,Strong surplus value,2.0
2025,LA,1407,138.48028617884776,0.0991979127355643,0.5358166189111748,1407,-64.53589956279863,-0.0460641681390425,4.0,6.0,10.0,1.0,214.314002,235.355603,127.5761,86.854502,74,24.0,29.0,32.0,9.0,23.0,Strong surplus value,3.0
2025,HOU,1436,-4.806504711475738,-0.0033729857624391,0.4456140350877193,1330,-144.26423684842266,-0.1089609039640654,22.0,2.0,24.0,7.5,212.585416,270.991707,113.163465,51.310862,86,26.0,23.0,25.5,7.0,18.5,Strong surplus value,4.0
2025,PHI,1340,16.064266992968825,0.0120602605052318,0.4534534534534534,1394,-50.73999359173936,-0.0366353744344688,19.0,9.0,28.0,11.0,190.462693,272.199132,74.45994,76.26758,77,29.0,22.0,22.0,4.0,18.0,Strong surplus value,5.0
2025,NE,1363,146.7522438059712,0.1087053657822008,0.4992592592592592,1297,-45.9687967132788,-0.0355520469553587,2.0,10.0,12.0,2.5,221.942268,287.681722,124.706424,78.437432,90,20.0,17.0,30.5,13.0,17.5,Strong surplus value,6.0
2025,SF,1381,121.14026143997587,0.0882946511953177,0.5094752186588921,1357,36.28166743097746,0.0268952316019106,6.0,20.0,26.0,10.0,217.912823,298.72613,101.459878,42.331518,86,23.0,10.0,23.0,10.0,13.0,Strong surplus value,7.0
2025,BUF,1386,164.22068927965404,0.1191732142813164,0.4927431059506531,1255,29.468851961796855,0.0236507640142831,1.0,16.0,17.0,5.0,236.668677,331.960915,131.205786,69.83853,85,13.0,1.0,28.0,20.0,8.0,Positive value,8.5
2025,NO,1399,-134.25844484936346,-0.0963807931438359,0.4414931801866475,1377,-36.89012312297724,-0.0270059466493244,29.0,11.0,40.0,23.0,164.580283,206.628556,95.202738,31.040657,82,31.0,32.0,10.0,2.0,8.0,Positive value,8.5
2025,DEN,1421,41.57103676836264,0.0294830048002571,0.4624113475177305,1433,-52.64205192286795,-0.0368900153629067,16.0,8.0,24.0,7.5,236.500716,317.685005,149.524111,81.942053,85,14.0,4.0,25.5,19.0,6.5,Positive value,10.0
2025,GB,1317,121.91413912207928,0.0932778417154393,0.4957918898240245,1377,78.5625036136141,0.0573448931486234,5.0,24.0,29.0,12.5,229.137838,288.332543,125.307489,50.436515,89,17.0,13.0,20.5,16.0,4.5,Positive value,11.0
2025,DET,1394,95.85053169735912,0.0692061600702954,0.4873646209386281,1388,21.466962703875083,0.0155557700752718,8.0,13.0,21.0,6.0,245.975013,287.093278,143.51391,95.044108,84,10.0,18.0,27.0,23.0,4.0,Positive value,12.0
2025,BAL,1303,58.17665292902968,0.0449935444153361,0.4887857695282289,1417,37.39865407304744,0.026523868136913,12.0,19.0,31.0,16.0,228.844106,300.409419,121.721874,70.08053,79,18.0,8.0,17.0,15.0,2.0,Fair value,13.0
2025,MIA,1255,8.947620337514138,0.0071868436445896,0.4650602409638554,1352,92.7583487780536,0.0689653150766197,20.0,26.0,46.0,26.0,208.732411,278.058665,128.954825,81.077073,90,27.0,21.0,7.0,6.0,1.0,Fair value,14.0
2025,CLE,1371,-217.2505021122384,-0.1590413631861189,0.3821376281112738,1357,-97.48055342744895,-0.072476247901449,32.0,4.0,36.0,21.0,220.473423,295.958458,91.066737,42.286667,85,21.0,11.0,12.0,12.0,0.0,Fair value,15.5
2025,NYJ,1336,-71.89188664588626,-0.0540134385017928,0.4567993989481593,1419,169.7705038280604,0.1206613388969867,27.0,31.0,58.0,32.0,157.09901200000002,213.757448,128.652345,50.927634000000005,88,32.0,31.0,1.0,1.0,0.0,Fair value,15.5
2025,TB,1420,-2.6808619185686355,-0.0019013205096231,0.4567375886524822,1318,27.156268355997312,0.0207141635057187,21.0,14.0,35.0,19.5,225.436766,269.555276,97.819696,80.74763300000001,79,19.0,24.0,13.5,14.0,-0.5,Fair value,17.0
2025,LAC,1424,-19.061223425947983,-0.0134803560296661,0.4646393210749646,1281,-49.06376696477448,-0.0385115910241557,23.0,7.0,30.0,14.0,240.681183,288.074378,139.10688199999998,116.774262,82,11.0,14.0,19.0,22.0,-3.0,Fair value,18.5
2025,LV,1263,-194.1711226389907,-0.1549649821540229,0.4285714285714285,1389,34.27380569323907,0.0248001488373654,31.0,17.0,48.0,28.0,213.575682,234.086694,156.255396,120.886297,76,25.0,30.0,5.0,8.0,-3.0,Fair value,18.5
2025,DAL,1488,147.97553288175655,0.100051070237834,0.4935767410412441,1411,193.33366848525137,0.1378001913651114,3.0,32.0,35.0,19.5,229.557212,302.641211,129.432367,45.6302,78,16.0,7.0,13.5,17.0,-3.5,Fair value,20.0
2025,MIN,1271,-90.50892473380677,-0.0717755152528205,0.4488501189532117,1367,-100.21823065033406,-0.0736898754781868,28.0,3.0,31.0,16.0,238.804877,330.644444,130.41634,73.625416,78,12.0,2.0,17.0,21.0,-4.0,Negative value,21.0
2025,KC,1379,53.037922525177976,0.0387138120621737,0.4678832116788321,1307,15.549621859014154,0.0119704556266467,13.0,12.0,25.0,9.0,261.876715,318.768299,165.637363,115.92652,84,4.0,3.0,24.0,29.0,-5.0,Negative value,22.0
2025,TEN,1347,-142.73948301343157,-0.1065220022488295,0.4171641791044776,1365,87.50699392916607,0.0645808073277978,30.0,25.0,55.0,31.0,220.020524,249.092528,156.930848,103.981528,83,22.0,27.0,2.0,11.0,-9.0,Negative value,23.0
2025,PIT,1309,48.29620000878624,0.0371795227165406,0.4703618167821401,1433,36.09412385405209,0.0253114473029818,14.0,18.0,32.0,18.0,247.393608,284.822618,157.152693,49.496467,84,8.0,19.0,15.0,25.0,-10.0,Major underperformance,24.0
2025,IND,1340,114.45566581479318,0.0857988499361268,0.4955022488755622,1442,45.26243127249266,0.0316299310080312,7.0,22.0,29.0,12.5,270.34778,294.130044,183.230172,110.731487,88,2.0,12.0,20.5,31.0,-10.5,Major underperformance,25.0
2025,CAR,1317,-23.2187259889988,-0.0177242183122128,0.4633587786259542,1320,60.9710231935612,0.0465427657966116,25.0,23.0,48.0,28.0,230.634058,280.090061,124.280187,86.180026,81,15.0,20.0,5.0,18.0,-13.0,Major underperformance,26.0
2025,ATL,1389,-23.425989981116423,-0.0169876649609256,0.4677302393038434,1371,32.20632084835242,0.0236116721762114,24.0,15.0,39.0,22.0,253.484185,262.204027,153.799693,87.522831,87,7.0,26.0,11.0,26.0,-15.0,Major underperformance,27.5
2025,CHI,1452,76.62278700574947,0.0532102687539926,0.4736111111111111,1343,39.14717539976133,0.0292579786246347,10.0,21.0,31.0,16.0,270.883472,307.644596,183.474399,118.514959,82,1.0,6.0,17.0,32.0,-15.0,Major underperformance,27.5
2025,NYG,1434,37.63228369349841,0.0262978921687619,0.453529000698812,1401,96.74516255411552,0.0697513789142866,17.0,27.0,44.0,24.5,253.487985,299.721872,146.896013,75.746528,87,6.0,9.0,8.5,27.0,-18.5,Major underperformance,29.0
2025,WAS,1329,32.201641897844105,0.0243398653800786,0.4845049130763416,1404,150.69943872160687,0.1081833730951951,18.0,30.0,48.0,28.0,246.328796,288.010308,152.237294,82.808992,85,9.0,15.0,5.0,24.0,-19.0,Major underperformance,30.0
2025,CIN,1405,45.440399472569,0.0324111265852845,0.492867332382311,1366,134.90770066301064,0.0997838022655404,15.0,29.0,44.0,24.5,256.886838,287.953894,157.131021,57.936254,78,5.0,16.0,8.5,28.0,-19.5,Major underperformance,31.0
2025,ARI,1416,-29.530037629296373,-0.0209284462291257,0.4635010630758327,1420,127.84160222700304,0.0907965924907692,26.0,28.0,54.0,30.0,262.299165,266.952634,166.860341,109.708845,91,3.0,25.0,3.0,30.0,-27.0,Major underperformance,32.0
